Region,Weight
R5_OECD,0.9882876512147726
R5_LAM,1.1544182046471796
R5_REF,0.2091108132410119
R5_MAF,0.5503672990899058
R5_ASIA,1.0196252978640545
