Region,Weight
R5_OECD,0.612881578779735
R5_LAM,0.37306764100412204
R5_REF,0.7811812040520749
R5_MAF,0.4482843955495091
R5_ASIA,1.0310964140292975
