Region,Weight
R5_OECD,1.001100128968742
R5_LAM,0.53635623521211
R5_REF,0.49962442147265645
R5_MAF,0.8336656867415438
R5_ASIA,0.9854824216500345
