Region,Weight
R5_OECD,1.6081122884623802
R5_LAM,0.26876508336830185
R5_REF,0.4621346201827749
R5_MAF,0.5418327243724239
R5_ASIA,0.943270907509749
