Region,Weight
R5_OECD,0.7815670320432123
R5_LAM,0.8149003653765459
R5_REF,4.6261433839233215
R5_MAF,0.6052557906364574
R5_ASIA,1.0478242313917538
